TRAV,TRAV_barcode
TRAV1-1,CTGCAGGACAAAGCC
TRAV1-2,CTACAGGACAAAACA
TRAV2,ATGGCTTTGCAGAGC
TRAV3,ATGGCCTCTGCACCC
TRAV4,ATGAGGCAAGTGGCG
TRAV5,ATGAAAACGTTTGCT
TRAV6,ATGGAGTCATTCCTG
TRAV7,ATGGAGAAGATGAGG
TRAV8-1,CTCCTGTTGCTCATA
TRAV8-2,GAAGGAACCCCGGTG
TRAV8-3,ATGCTCCTGGAGCTT
TRAV8-4,GAAGGAGCCCTGGTT
TRAV8-6,TCGTCCCAGCGTTCC
TRAV9-1,ATGAACAGCTCTCCA
TRAV9-2,ATGAACTATTCTCCA
TRAV10,TGAAAAAGCATCTGA
TRAV12-1,ATGATAAGCTTGAGA
TRAV12-2,AGGTGGAGCAGAACA
TRAV12-3,ATGATGAAATCCTTG
TRAV13-1,ATGACATCCATTCGA
TRAV13-2,ATGGCAGGCATTCGA
TRAV14/DV4,ATGTCACTTTCTAGC
TRAV16,ATGAAGCCCACCCTC
TRAV17,GGAAACTCTCCTGGG
TRAV18,ATGCTGTCTGCTTCC
TRAV19,ATGCTGACTGCCAGC
TRAV20,GGAGAAAATGTTGGA
TRAV21,GGAGACATTGTTGGG
TRAV22,ATGAAGAGGATATTG
TRAV23/DV6,ATGGACAAGATCTTA
TRAV24,ATGGAGAAGAATCCT
TRAV25,ATGCTACTCATCACA
TRAV26-1,ATGAGGCTGGTGGCA
TRAV26-2,ATGAAGTTGGTGACA
TRAV27,ATGGTCCTGAAATTC
TRAV29/DV5,ATGGCCATGCTCCTG
TRAV30,GGAGACTCTCCTGAA
TRAV34,TGGAGACTGTTCTGC
TRAV35,ATGCTCCTTGAACAT
TRAV36/DV7,ATGATGAAGTGTCCA
TRAV38-1,ATGACACGAGTTAGC
TRAV38-2/DV8,ATGGCATGCCCTGGC
TRAV39,ATGAAGAAGCTACTA
TRAV40,ATGAACTCCTCTCTG
TRAV41,ATGGTGAAGATCCGG