TRBV,TRBV_barcode
TRBV2,CCACAAAGCTGGAGG
TRBV3-1,GGTGACTCTGCTGTG
TRBV4-1,ACAGCGCCCTGTATC
TRBV4-2,ACACACCCTGCAGCC
TRBV4-3,CCAGAGGACAGCGCC
TRBV5-1,CCTTGGAGCTGGGGG
TRBV5-4,GGAGCTGGACGACTC
TRBV5-5,GACTCGGCCCTGTAT
TRBV5-6,GGGACTCGGCCCTCT
TRBV5-8,AACGCCTTGGAGCTG
TRBV6-1,AGACATCTGTGTACT
TRBV6-2,GAGTCGGCTGCTCCC
TRBV6-4,TGCTGTACCCTCTCA
TRBV6-5,CTGCTCCCTCCCAGA
TRBV6-6,CCTCCCAGACATCTG
TRBV6-8,GCTGCTCCCTCCCAG
TRBV6-9,GGAGTCAGCTGCTCC
TRBV7-2,GCACACAGCAGGAGG
TRBV7-3,GCGCACAGAGCGGGG
TRBV7-4,AGCAGGGGGACTCAG
TRBV7-6,GCGGGACTCGGCCAT
TRBV7-7,GGGACTCAGCCATGT
TRBV7-8,CACAGCAGGAGGACT
TRBV7-9,CAGAGCAGGGGGACT
TRBV9,AGCTGGGGGACTCAG
TRBV10-1,CTGCCTCCTCCCAGA
TRBV10-2,GCTACCCGCTCCCAG
TRBV10-3,CGCTACCAGCTCCCA
TRBV11-1,GGACTCGGCCATGTA
TRBV11-2,GCCTGCAAAGCTTGA
TRBV11-3,GGGGACTCGGCCGTG
TRBV12-3,AGCCCTCAGAACCCC
TRBV12-4,CCAGGGACTCAGCTG
TRBV12-5,CCTCAGAACCCAGGG
TRBV13,AGCTGGGGGACTCAG
TRBV14,CAGAACTGGAGGATT
TRBV15,TCTTGACATCCGCTC
TRBV16,ACGAAGCTTGAGGAT
TRBV18,AGCAGGTAGTGCGAG
TRBV19,CATCGGCCCAAAAGA
TRBV20-1,AGGACAGCAGCTTCT
TRBV24-1,CTGCCATCCCCAACC
TRBV25-1,CATACCTCTCAGTAC
TRBV27,CAGCCCCAACCAGAC
TRBV28,ACCAACCAGACATCT
TRBV29-1,AGCCCTGAGGACAGC
TRBV30,TTCTCAGTGACTCTG